q1_true_goal_prob,mid_true_goal_prob,q3_true_goal_prob,end_true_goal_prob,q1_is_top_ranked,mid_is_top_ranked,q3_is_top_ranked,end_is_top_ranked,total_states_visited,initial_states_visited,marginal_states_visited,average_states_visited,total_dur,initial_dur,marginal_dur,average_dur
0.4954626425778431,0.9999546021312976,0.9999998874648379,0.9999999998973812,true,true,true,true,114371,17420,7457.7692307692305,8169.357142857143,58.81778407096863,9.17510986328125,3.818667246745183,4.201270290783474
0.4954626425778431,0.9999546021312976,0.9999998874648379,0.9999999998973812,true,true,true,true,114371,17420,7457.7692307692305,8169.357142857143,58.061660051345825,8.431118965148926,3.8177339297074537,4.147261432238987
0.3333333333333333,0.7869860421615984,0.9646631559719038,0.9867032910422682,true,true,true,true,62609,17420,15063.0,15652.25,32.861207008361816,9.422016859054565,7.813063383102417,8.215301752090454
0.3333333333333333,0.7869860421615984,0.9646631559719038,0.9867032910422682,true,true,true,true,62609,17420,15063.0,15652.25,33.75183296203613,9.273064851760864,8.159589370091757,8.437958240509033
0.4983211691867487,0.0,0.0,0.0,true,false,false,false,109194,17420,4830.210526315789,5459.7,61.53787803649902,8.956496953964233,2.7674411096070943,3.0768939018249513
0.9999991628691853,0.0,0.0,0.0,true,false,false,false,561589,17420,6114.258426966292,6239.877777777778,292.70530104637146,9.870150089263916,3.1779230444618825,3.2522811227374606
