step_times,step_durs,states_visited,true_goal_probs,goal_probs_0,goal_probs_1,goal_probs_2
9.273064851760864,9.273064851760864,17420,0.3333333333333333,0.3333333333333333,0.3333333333333333,0.3333333333333333
18.324407815933228,9.051342964172363,17574,0.7869860421615984,0.10650697891920073,0.7869860421615984,0.10650697891920073
28.767789840698242,10.443382024765015,18878,0.9646631559719038,0.017668422014048047,0.9646631559719038,0.017668422014048047
33.75183296203613,4.984043121337891,8737,0.9867032910422682,0.006648354478866005,0.9867032910422682,0.006648354478866005
