step_times,step_durs,states_visited,true_goal_probs,goal_probs_0,goal_probs_1,goal_probs_2
9.422016859054565,9.422016859054565,17420,0.3333333333333333,0.3333333333333333,0.3333333333333333,0.3333333333333333
18.918592929840088,9.496576070785522,17574,0.7869860421615984,0.10650697891920073,0.7869860421615984,0.10650697891920073
28.26493787765503,9.346344947814941,18878,0.9646631559719038,0.017668422014048047,0.9646631559719038,0.017668422014048047
32.861207008361816,4.596269130706787,8737,0.9867032910422682,0.006648354478866005,0.9867032910422682,0.006648354478866005
