step_times,step_durs,states_visited,true_goal_probs,goal_probs_0,goal_probs_1,goal_probs_2
3.4153029918670654,3.4153029918670654,5109,0.3333333333333333,0.3333333333333333,0.3333333333333333,0.3333333333333333
3.7017438411712646,0.2864408493041992,0,0.8333333333333172,1.0553471290912398e-14,0.8333333333333172,0.1666666666666719
4.031211853027344,0.3294680118560791,43,0.8333333333333334,2.7145737768388254e-70,0.8333333333333334,0.16666666666666666
4.333621978759766,0.3024101257324219,0,0.8333333333333327,5.357887149048826e-131,0.8333333333333327,0.16666666666666657
