q1_true_goal_prob,mid_true_goal_prob,q3_true_goal_prob,end_true_goal_prob,q1_is_top_ranked,mid_is_top_ranked,q3_is_top_ranked,end_is_top_ranked,total_states_visited,initial_states_visited,marginal_states_visited,average_states_visited,total_dur,initial_dur,marginal_dur,average_dur
0.3333333333333332,0.36000000000000054,0.7491348834553713,0.9999999999999976,true,true,true,true,22855,14037,400.8181818181818,993.695652173913,16.422541856765747,7.1487908363342285,0.42153413729234174,0.7140235589898151
0.3448275862068963,0.3448275862068963,0.6906885784862187,0.9999999999999976,true,true,true,true,25693,14401,513.2727272727273,1117.0869565217392,17.74037003517151,7.11883807182312,0.48279690742492676,0.7713204363118047
0.3333333333333332,0.3571428571428576,0.07692307692307693,2.7753111975713675e-281,true,true,false,false,23441,16458,249.39285714285714,808.3103448275862,17.153630018234253,7.473404884338379,0.3457223262105669,0.591504483387388
0.3333333333333332,0.3448275862068963,0.3448275862068963,0.9999995353705374,true,true,true,true,21092,16652,222.0,1004.3809523809524,15.343162059783936,7.910375118255615,0.371639347076416,0.730626764751616
0.3333333333333333,0.3448275862068963,0.3461538461538457,0.999998762113736,true,true,true,true,17084,15572,88.94117647058823,949.1111111111111,12.783933877944946,7.783083915710449,0.2941676448373234,0.7102185487747192
0.49999947729288624,0.9999999999999981,0.9999999999998407,0.9999999999998407,true,true,true,true,35323,17250,269.74626865671644,519.4558823529412,37.143933057785034,9.480225086212158,0.41289116375481905,0.5462343096733093
