step_times,step_durs,states_visited,true_goal_probs,goal_probs_0,goal_probs_1,goal_probs_2
2.42148494720459,2.42148494720459,4472,0.3333333333333333,0.3333333333333333,0.3333333333333333,0.3333333333333333
2.6689260005950928,0.24744105339050293,3,0.7692307692307566,9.741665806996079e-15,0.7692307692307566,0.23076923076923378
2.9074149131774902,0.23848891258239746,2,0.7692307692307692,2.505760409389708e-70,0.7692307692307692,0.23076923076923078
3.4591920375823975,0.5517771244049072,552,0.7692307692307688,4.511061714224351e-131,0.7692307692307688,0.23076923076923067
