step_times,step_durs,states_visited,true_goal_probs,goal_probs_0,goal_probs_1,goal_probs_2
2.6324899196624756,2.6324899196624756,4762,0.3333333333333333,0.3333333333333333,0.3333333333333333,0.3333333333333333
2.872736930847168,0.24024701118469238,0,0.7692307692307566,9.741665806996079e-15,0.7692307692307566,0.23076923076923378
3.1240909099578857,0.2513539791107178,0,0.7692307692307692,2.505760409389708e-70,0.7692307692307692,0.23076923076923078
3.6778650283813477,0.5537741184234619,551,0.7692307692307688,4.94574198373728e-131,0.7692307692307688,0.23076923076923067
