q1_true_goal_prob,mid_true_goal_prob,q3_true_goal_prob,end_true_goal_prob,q1_is_top_ranked,mid_is_top_ranked,q3_is_top_ranked,end_is_top_ranked,total_states_visited,initial_states_visited,marginal_states_visited,average_states_visited,total_dur,initial_dur,marginal_dur,average_dur
0.3333333333333333,0.3333333333333333,0.5,1.0,true,true,true,true,9614,1159,528.4375,565.5294117647059,85.17224192619324,10.62766695022583,4.659035935997963,5.010131878011367
0.3333333333333333,0.3333333333333333,0.5,1.0,true,true,true,true,9514,1159,522.1875,559.6470588235294,81.3098258972168,10.068533897399902,4.452580749988556,4.7829309351304
0.3333333333333333,0.3333333333333333,0.3333333333333333,1.0,true,true,true,true,10033,1159,682.6153846153846,716.6428571428571,87.5659351348877,9.9841890335083,5.96782662318303,6.254709652491978
