step_times,step_durs,states_visited,true_goal_probs,goal_probs_0,goal_probs_1,goal_probs_2
7.068678140640259,7.068678140640259,788,0.3333333333333333,0.3333333333333333,0.3333333333333333,0.3333333333333333
13.647669076919556,6.578990936279297,728,0.3333333333333333,0.3333333333333333,0.3333333333333333,0.3333333333333333
19.731910943984985,6.08424186706543,665,0.3333333333333333,0.3333333333333333,0.3333333333333333,0.3333333333333333
24.481080055236816,4.749169111251831,542,0.3333333333333333,0.3333333333333333,0.3333333333333333,0.3333333333333333
26.77519917488098,2.294119119644165,276,0.3333333333333333,0.3333333333333333,0.3333333333333333,0.3333333333333333
27.961071014404297,1.1858718395233154,155,0.3333333333333333,0.3333333333333333,0.3333333333333333,0.3333333333333333
29.946481943130493,1.9854109287261963,236,1.0,3.1391327920480296e-17,1.0,3.1391327920480296e-17
33.62663698196411,3.680155038833618,445,1.0,9.854154686111257e-34,1.0,9.854154686111257e-34
38.42800307273865,4.801366090774536,545,1.0,2.031092662734811e-42,1.0,2.031092662734811e-42
