q1_true_goal_prob,mid_true_goal_prob,q3_true_goal_prob,end_true_goal_prob,q1_is_top_ranked,mid_is_top_ranked,q3_is_top_ranked,end_is_top_ranked,total_states_visited,initial_states_visited,marginal_states_visited,average_states_visited,total_dur,initial_dur,marginal_dur,average_dur
0.3333333333333333,0.3333333333333333,0.5,1.0,true,true,true,true,7032,901,437.92857142857144,468.8,68.62036299705505,9.08977484703064,4.252184867858887,4.574690866470337
0.3333333333333333,0.3333333333333333,0.3333333333333333,1.0,true,true,true,true,7785,901,573.6666666666666,598.8461538461538,71.0743510723114,8.876596927642822,5.183146178722382,5.467257774793184
0.3333333333333333,0.3333333333333333,0.5,1.0,true,true,true,true,6924,901,430.2142857142857,461.6,62.44531798362732,8.472580909729004,3.8551955052784512,4.1630211989084875
