step_times,step_durs,states_visited,true_goal_probs,goal_probs_0,goal_probs_1,goal_probs_2
6.564352989196777,6.564352989196777,788,0.3333333333333333,0.3333333333333333,0.3333333333333333,0.3333333333333333
12.806411027908325,6.242058038711548,728,0.3333333333333333,0.3333333333333333,0.3333333333333333,0.3333333333333333
18.389297008514404,5.582885980606079,665,0.3333333333333333,0.3333333333333333,0.3333333333333333,0.3333333333333333
22.976624011993408,4.587327003479004,542,0.3333333333333333,0.3333333333333333,0.3333333333333333,0.3333333333333333
25.261662006378174,2.2850379943847656,276,0.3333333333333333,0.3333333333333333,0.3333333333333333,0.3333333333333333
26.531533002853394,1.2698709964752197,155,0.3333333333333333,0.3333333333333333,0.3333333333333333,0.3333333333333333
28.516238927841187,1.984705924987793,236,1.0,3.1391327920480296e-17,1.0,3.1391327920480296e-17
32.426740884780884,3.9105019569396973,445,1.0,9.854154686111257e-34,1.0,9.854154686111257e-34
37.37186002731323,4.945119142532349,545,1.0,2.031092662734811e-42,1.0,2.031092662734811e-42
