step_times,step_durs,states_visited,true_goal_probs,goal_probs_0,goal_probs_1,goal_probs_2
7.984838008880615,7.984838008880615,788,0.3333333333333333,0.3333333333333333,0.3333333333333333,0.3333333333333333
15.08654499053955,7.1017069816589355,728,0.3333333333333333,0.3333333333333333,0.3333333333333333,0.3333333333333333
20.903806924819946,5.8172619342803955,665,0.3333333333333333,0.3333333333333333,0.3333333333333333,0.3333333333333333
25.538065910339355,4.634258985519409,542,0.3333333333333333,0.3333333333333333,0.3333333333333333,0.3333333333333333
27.886866092681885,2.3488001823425293,276,0.3333333333333333,0.3333333333333333,0.3333333333333333,0.3333333333333333
29.115855932235718,1.228989839553833,155,0.3333333333333333,0.3333333333333333,0.3333333333333333,0.3333333333333333
31.08382487297058,1.9679689407348633,236,1.0,3.1391327920480296e-17,1.0,3.1391327920480296e-17
35.27206993103027,4.188245058059692,445,1.0,9.854154686111257e-34,1.0,9.854154686111257e-34
39.83936405181885,4.567294120788574,545,1.0,2.031092662734811e-42,1.0,2.031092662734811e-42
