step_times,step_durs,states_visited,true_goal_probs,goal_probs_0,goal_probs_1,goal_probs_2,goal_probs_3,goal_probs_4
11.458176136016846,11.458176136016846,446,0.2,0.2,0.2,0.2,0.2,0.2
26.353552103042603,14.895375967025757,584,0.1035225979614393,0.014010260116501371,0.1035225979614393,0.1035225979614393,0.7649342838441188,0.014010260116501371
37.04652500152588,10.692972898483276,351,0.30574769903478943,0.30574769903478943,0.041378451447815844,0.30574769903478943,0.30574769903478943,0.041378451447815844
55.30340099334717,18.25687599182129,606,0.11680847484247353,0.002139421844358536,0.002139421844358536,0.11680847484247353,0.8631043734415665,0.015808308027242906
65.92091202735901,10.61751103401184,320,0.11724224361139167,0.0002906144665489846,0.0002906144665489846,0.11724224361139167,0.8663095152090667,0.015867012246443636
80.88207912445068,14.961167097091675,498,0.4952979964102476,0.00016615396747063054,0.00016615396747063054,0.4952979964102476,0.4952979964102476,0.009071699244563653
92.58447098731995,11.702391862869263,368,0.8788081120687545,3.989782656262337e-5,3.989782656262337e-5,0.8788081120687545,0.11893374475745777,0.002178347520662478
110.49951910972595,17.915048122406006,593,0.9971034000013783,4.526842432599741e-5,4.526842432599741e-5,0.9971034000013783,0.0024715722231148434,0.00033449092685499185
127.9029450416565,17.403425931930542,586,0.9996070035245788,6.141797699529112e-6,6.141797699529112e-6,0.9996070035245788,0.00033533079227211066,4.538208775010382e-5
