step_times,step_durs,states_visited,true_goal_probs,goal_probs_0,goal_probs_1,goal_probs_2
4.372357130050659,4.372357130050659,679,0.3333333333333332,0.3333333333333332,0.3333333333333332,0.3333333333333332
4.504821062088013,0.13246393203735352,0,0.3571428514012672,0.21428574299366326,0.3571428514012672,0.4285714056050693
4.953413963317871,0.4485929012298584,43,0.35714285427206227,0.21428573667791473,0.35714285427206227,0.4285714090500231
5.252209901809692,0.2987959384918213,41,0.35714285714285443,0.21428573036217186,0.35714285714285443,0.4285714124949736
5.523255109786987,0.2710452079772949,29,0.45454545919564937,3.069144732552805e-8,0.45454545919564937,0.5454545101129039
6.282364130020142,0.7591090202331543,100,0.5555555555555535,4.221388199662208e-15,0.5555555555555535,0.44444444444444275
6.640065908432007,0.35770177841186523,32,0.83333330207356,7.125819611799314e-22,0.83333330207356,0.16666669792643973
7.181725025177002,0.5416591167449951,88,0.840117134273325,3.938776226323488e-35,0.840117134273325,0.1598828657266741
7.419718027114868,0.2379930019378662,22,0.9999998231524907,8.84887517828833e-83,0.9999998231524907,1.7684750932451046e-7
