step_times,step_durs,states_visited,true_goal_probs,goal_probs_0,goal_probs_1,goal_probs_2
4.635668992996216,4.635668992996216,756,0.3333333333333332,0.3333333333333332,0.3333333333333332,0.3333333333333332
5.047903060913086,0.4122340679168701,45,0.4285611400336716,0.1428777199326564,0.4285611400336716,0.42856114003367163
5.36677098274231,0.31886792182922363,23,0.46153844023002744,0.15384618714058174,0.46153844023002744,0.3846153726293911
6.115680932998657,0.7489099502563477,76,0.46153843955307644,0.15384618116787285,0.46153843955307644,0.3846153792790502
6.335313081741333,0.21963214874267578,9,0.7499998601310528,1.302243518025331e-7,0.7499998601310528,0.25000000964459446
6.703834056854248,0.36852097511291504,33,0.8571428364731252,1.809180447571032e-15,0.8571428364731252,0.1428571635268731
6.870397090911865,0.1665630340576172,12,0.999999981158257,0.0,0.999999981158257,1.884174349913352e-8
7.012073993682861,0.1416769027709961,0,0.9999999999999993,0.0,0.9999999999999993,3.021859399020519e-36
7.105156898498535,0.09308290481567383,0,0.9999999999999993,0.0,0.9999999999999993,5.703493274777634e-84
