q1_true_goal_prob,mid_true_goal_prob,q3_true_goal_prob,end_true_goal_prob,q1_is_top_ranked,mid_is_top_ranked,q3_is_top_ranked,end_is_top_ranked,total_states_visited,initial_states_visited,marginal_states_visited,average_states_visited,total_dur,initial_dur,marginal_dur,average_dur
0.3703703657392932,0.5882352541753556,0.8888888916675355,1.0000000000000004,true,true,true,true,1742,897,60.357142857142854,116.13333333333334,13.439475059509277,6.051481008529663,0.5277138607842582,0.8959650039672852
0.35999999801938076,0.4000000123901233,0.3846153846153854,0.9999999999999996,true,false,false,true,1515,864,54.25,116.53846153846153,12.032366037368774,5.9411070346832275,0.5076049168904623,0.9255666182591364
0.32000000162050646,0.13333338502338668,0.25000000000000017,0.9999999999999999,false,false,false,true,1501,820,48.642857142857146,100.06666666666666,11.980679988861084,5.611356973648071,0.4549516439437866,0.7987119992574055
