step_times,step_durs,states_visited,true_goal_probs,goal_probs_0,goal_probs_1,goal_probs_2,goal_probs_3,goal_probs_4
6.332955837249756,6.332955837249756,1088,0.20000000000000007,0.20000000000000007,0.20000000000000007,0.20000000000000007,0.20000000000000007,0.20000000000000007
6.951933860778809,0.6189780235290527,46,0.3333333333202488,0.3333333333202488,0.3333333333202488,1.9626819914969798e-11,1.9626819914969798e-11,0.3333333333202488
7.372947931289673,0.42101407051086426,0,0.5881888328025593,0.11767387363966579,0.29413729355777496,5.70975128528492e-21,3.874474086443339e-20,0.5881888328025593
7.787935018539429,0.41498708724975586,0,0.5882352882255261,0.1176470614099911,0.2941176503644824,6.4608871436586825e-34,5.689671721632894e-33,0.5882352882255261
10.488024950027466,2.700089931488037,240,0.8333114861432255,1.2788598708529315e-6,0.16668723499690274,4.697898528033932e-49,4.145898399708578e-49,0.8333114861432255
11.032181024551392,0.5441560745239258,38,0.9999999978171132,0.0,2.1828853322050482e-9,0.0,1.0394847437897258e-32,0.9999999978171132
11.784950017929077,0.7527689933776855,47,1.0000000000000004,0.0,4.639907449007125e-17,0.0,1.3009712741518e-50,1.0000000000000004
