step_times,step_durs,states_visited,true_goal_probs,goal_probs_0,goal_probs_1,goal_probs_2,goal_probs_3,goal_probs_4
6.152381896972656,6.152381896972656,1044,0.20000000000000007,0.20000000000000007,0.20000000000000007,0.20000000000000007,0.20000000000000007,0.20000000000000007
6.554977893829346,0.40259599685668945,20,0.34482758139074093,0.31034483717791056,0.34482758139074093,2.0303606525808954e-11,2.0303606525808954e-11,0.34482758139074093
6.951115846633911,0.39613795280456543,0,0.7691417867064286,0.07694014704000117,0.15391806625357102,7.46632384074436e-21,5.066434034790833e-20,0.7691417867064286
7.9968039989471436,1.0456881523132324,61,0.7692307566359269,0.0769230789563691,0.1538461644077058,8.44771086807207e-34,8.264500623361297e-33,0.7692307566359269
8.811120986938477,0.814316987991333,112,0.9090896407678768,6.975772444759758e-7,0.09090966165487893,4.881270930538452e-49,8.923580214512924e-49,0.9090896407678768
9.291842937469482,0.48072195053100586,19,0.9999999979756337,7.512046960416022e-22,2.024366376537376e-9,7.086038098228094e-37,2.156905313759148e-40,0.9999999979756337
9.703402996063232,0.41156005859375,0,1.0000000000000009,3.3940253648100274e-37,4.3029617890500096e-17,4.667662749035994e-56,1.4207807588204836e-59,1.0000000000000009
