step_times,step_durs,states_visited,true_goal_probs,goal_probs_0,goal_probs_1,goal_probs_2,goal_probs_3,goal_probs_4
10.867868900299072,10.867868900299072,1401,0.20000000000000007,0.20000000000000007,0.20000000000000007,0.20000000000000007,0.20000000000000007,0.20000000000000007
11.308812856674194,0.44094395637512207,21,0.9999990102057356,1.398409527426295e-9,9.60427663436404e-7,1.398409527426295e-9,0.9999990102057356,2.6569781021099553e-8
11.878322839736938,0.5695099830627441,94,0.9999999981091403,0.0,0.0,0.0,0.9999999981091403,1.890858864531505e-9
12.303151845932007,0.42482900619506836,0,1.0000000000000007,0.0,0.0,0.0,1.0000000000000007,1.1133463947123609e-19
12.730701923370361,0.4275500774383545,0,1.0000000000000007,0.0,0.0,0.0,1.0000000000000007,6.55543475785713e-30
13.145431995391846,0.4147300720214844,0,1.0000000000000007,0.0,0.0,0.0,1.0000000000000007,5.627453162057491e-44
13.562183856964111,0.4167518615722656,0,1.0000000000000007,0.0,0.0,0.0,1.0000000000000007,4.830835827203567e-58
13.995741844177246,0.43355798721313477,0,1.0000000000000007,0.0,0.0,0.0,1.0000000000000007,4.1469869437102244e-72
14.413911819458008,0.4181699752807617,0,1.0000000000000007,0.0,0.0,0.0,1.0000000000000007,3.55994310849065e-86
