step_times,step_durs,states_visited,true_goal_probs,goal_probs_0,goal_probs_1,goal_probs_2,goal_probs_3,goal_probs_4
9.397900819778442,9.397900819778442,1390,0.20000000000000007,0.20000000000000007,0.20000000000000007,0.20000000000000007,0.20000000000000007,0.20000000000000007
10.192022800445557,0.7941219806671143,81,0.3999999999594905,2.3552183896502634e-11,0.3999999999594905,0.20000000003391527,0.3999999999594905,2.3552183896502634e-11
11.20233678817749,1.0103139877319336,80,0.624954143046839,1.1526625112137604e-19,0.624954143046839,0.12500953105300994,0.250036325900151,9.966630736058847e-20
12.60285496711731,1.4005181789398193,79,0.9999999993287456,5.715728720864975e-31,0.9999999993287456,2.2376214762808818e-10,4.474915080461897e-10,1.0892987545096594e-33
14.74725890159607,2.1444039344787598,122,0.9999999999996886,1.7235021159571673e-22,0.9999999999996886,3.883423765793997e-15,3.0809645190320995e-13,3.729830166485313e-28
15.148648977279663,0.40139007568359375,0,1.0000000000000009,1.1638310749125362e-41,1.0000000000000009,4.344496917348871e-24,2.245929263241577e-17,3.842840550813158e-46
16.09331488609314,0.9446659088134766,51,1.0000000000000009,1.105945931491141e-60,1.0000000000000009,7.0860381125727686e-37,2.5125846426805343e-26,4.755162582698342e-64
