step_times,step_durs,states_visited,true_goal_probs,goal_probs_0,goal_probs_1,goal_probs_2,goal_probs_3,goal_probs_4
10.219169855117798,10.219169855117798,1568,0.20000000000000007,0.20000000000000007,0.20000000000000007,0.20000000000000007,0.20000000000000007,0.20000000000000007
10.995783805847168,0.7766139507293701,97,0.5348837209302314,0.11627906976744168,0.1162790697674425,0.5348837209302314,0.1162790697674425,0.11627906976744168
12.286549806594849,1.2907660007476807,137,0.9997942593366526,8.143901257485635e-5,4.2862638197292e-6,0.9997942593366526,8.205133597767598e-5,3.796405097474503e-5
12.68939995765686,0.4028501510620117,0,0.00021201586607102,0.0,0.0,0.00021201586607102,0.9997877907361745,1.9339775299901884e-7
13.102618932723999,0.41321897506713867,0,0.0,0.0,0.0,0.0,0.999999999999521,4.78811543430051e-13
13.503456830978394,0.40083789825439453,0,0.0,0.0,0.0,0.0,1.0000000000000024,6.980777714394456e-17
17.56060791015625,4.0571510791778564,2057,0.0,0.0,0.0,0.0,0.9999999999999958,1.3263477657350053e-15
17.97621178627014,0.4156038761138916,0,0.0,0.0,0.0,0.0,0.9999999999999958,1.3263477657351373e-15
18.71259379386902,0.736382007598877,73,0.0,0.0,0.0,0.0,0.9999999999999879,1.5289442239144411e-22
