step_times,step_durs,states_visited,true_goal_probs,goal_probs_0,goal_probs_1,goal_probs_2,goal_probs_3,goal_probs_4
5.794105052947998,5.794105052947998,945,0.20000000000000007,0.20000000000000007,0.20000000000000007,0.20000000000000007,0.20000000000000007,0.20000000000000007
6.231661081314087,0.43755602836608887,70,0.4999999898607852,2.0219549467175414e-8,2.944022927660865e-11,0.4999999898607852,0.4999999898607852,2.944022927660865e-11
6.629956960678101,0.39829587936401367,1,0.16674765537684041,2.0308331977187796e-18,7.464684186209615e-19,0.16674765537684041,0.8332523446231591,5.488738372212982e-20
7.174600124359131,0.5446431636810303,139,0.6666649225109803,0.0,0.0,0.6666649225109803,0.33333507748902025,2.177487169290747e-19
8.308470010757446,1.1338698863983154,518,0.6666666666631019,0.0,0.0,0.6666666666631019,0.33333333333689796,3.784426264681155e-22
8.68972396850586,0.3812539577484131,0,0.9999999994406358,0.0,0.0,0.9999999994406358,5.593643672856751e-10,5.451631466311487e-45
9.118205070495605,0.4284811019897461,15,0.9999999999999999,0.0,0.0,0.9999999999999999,2.0337752223031218e-18,6.823011079086536e-63
9.552438020706177,0.4342329502105713,0,0.9999999999999999,0.0,0.0,0.9999999999999999,4.387990287902059e-29,2.3654755378901217e-83
12.068288087844849,2.515850067138672,200,1.0000000000000009,0.0,0.0,1.0000000000000009,7.157395194329149e-42,1.5581685952795765e-102
