step_times,step_durs,states_visited,true_goal_probs,goal_probs_0,goal_probs_1,goal_probs_2
3.769991874694824,3.769991874694824,565,0.3333333333333332,0.3333333333333332,0.3333333333333332,0.3333333333333332
5.191767930984497,1.4217760562896729,188,0.26666668167135493,0.3999999849953117,0.26666668167135493,0.3333333333333333
5.573022842407227,0.3812549114227295,40,0.26666668567260515,0.3999999759924988,0.26666668567260515,0.3333333383348958
5.669727802276611,0.09670495986938477,0,0.3333332746509333,0.25000016485813914,0.3333332746509333,0.4166665604909274
6.574493885040283,0.9047660827636719,107,0.5000000093776822,1.9238865175215122e-7,0.5000000093776822,0.4999997982336659
6.959338903427124,0.3848450183868408,47,0.5203514027771079,1.6414682864753115e-22,0.5203514027771079,0.47964859722289205
7.111040830612183,0.1517019271850586,0,0.9286646716094974,5.393328768879467e-57,0.9286646716094974,0.07133532839050306
7.338977813720703,0.2279369831085205,18,0.9286647536152016,9.516478184690982e-92,0.9286647536152016,0.07133524638479836
7.703575849533081,0.36459803581237793,31,0.9286647536152016,1.119927163194514e-111,0.9286647536152016,0.07133524638479836
