step_times,step_durs,states_visited,true_goal_probs,goal_probs_0,goal_probs_1,goal_probs_2
3.507769823074341,3.507769823074341,528,0.3333333333333332,0.3333333333333332,0.3333333333333332,0.3333333333333332
4.038780927658081,0.5310111045837402,66,0.42106283423549457,0.36841454387886974,0.42106283423549457,0.2105226218856356
4.292770862579346,0.25398993492126465,17,0.38888887846896614,0.38888887846896614,0.38888887846896614,0.22222224306206786
4.458384990692139,0.16561412811279297,14,0.3999999651153227,0.33333339277623014,0.3999999651153227,0.26666664210844676
5.074156999588013,0.615772008895874,84,0.6666664143169128,0.11111138922593279,0.6666664143169128,0.22222219645715482
5.990487813949585,0.9163308143615723,108,0.9999998874646893,1.8756006022035563e-8,0.9999998874646893,9.377930417504218e-8
6.5925939083099365,0.6021060943603516,58,0.9999999998403801,1.0697106064863903e-12,0.9999999998403801,1.5855027862381183e-10
6.729970932006836,0.13737702369689941,0,0.9999999999999996,1.5942499172200909e-46,0.9999999999999996,2.542846635969774e-38
6.81991982460022,0.08994889259338379,0,0.9999999999999996,1.1359403267058053e-104,0.9999999999999996,4.7993989037826355e-86
