q1_true_goal_prob,mid_true_goal_prob,q3_true_goal_prob,end_true_goal_prob,q1_is_top_ranked,mid_is_top_ranked,q3_is_top_ranked,end_is_top_ranked,total_states_visited,initial_states_visited,marginal_states_visited,average_states_visited,total_dur,initial_dur,marginal_dur,average_dur
1.0000000000000007,0.9999999999999997,0.999999999999999,1.0000000000000016,true,true,true,true,4428,878,122.41379310344827,147.6,32.17793011665344,6.121114015579224,0.898510900037042,1.0725976705551148
0.3846153826177187,0.49999999999763733,0.0,0.0,true,false,false,false,2141,1113,64.25,125.94117647058823,16.013782024383545,7.578679084777832,0.5271939337253571,0.9419871779049144
0.38461538461538414,0.39999999999999863,0.33334161625827136,0.9999999999999998,true,false,true,true,1830,1107,42.529411764705884,101.66666666666667,13.707037925720215,7.047438859939575,0.3917411215165082,0.7615021069844564
0.0,0.0,0.0,0.0,false,false,false,false,6259,900,172.8709677419355,195.59375,43.18108892440796,5.792586088180542,1.2060807366524973,1.3494090288877487
0.33333333194401,0.0010762838171151994,0.0036499366638549757,0.9999999999999997,false,false,false,true,1844,946,69.07692307692308,131.71428571428572,13.598787069320679,6.402263164520264,0.5535787619077243,0.9713419335229057
0.39999999849751766,1.659255085355513e-45,2.821025869750762e-44,1.0,false,false,false,true,1507,956,32.411764705882355,83.72222222222223,12.710150003433228,6.553148984909058,0.36217653050142173,0.7061194446351793
