step_times,step_durs,states_visited,true_goal_probs,goal_probs_0,goal_probs_1,goal_probs_2
8.080940008163452,8.080940008163452,17420,0.3333333333333333,0.3333333333333333,0.3333333333333333,0.3333333333333333
16.391261100769043,8.31032109260559,17574,0.7869860421615984,0.10650697891920073,0.7869860421615984,0.10650697891920073
25.183210134506226,8.791949033737183,18878,0.9646631559719038,0.017668422014048047,0.9646631559719038,0.017668422014048047
29.37877607345581,4.195565938949585,8737,0.9867032910422682,0.006648354478866005,0.9867032910422682,0.006648354478866005
