timestep,true_goal_probs,goal_probs_0,goal_probs_1,goal_probs_2
1,0.3333333333333333,0.3333333333333333,0.3333333333333333,0.3333333333333333
7,0.3333333333333333,0.3333333333333333,0.3333333333333333,0.3333333333333333
13,1,0,1,0
19,1,0,0,1
25,1,0,0,1
31,1,0,0,1
37,1,0,0,1
43,1,0,0,1
45,1,0,0,1
