q1_true_goal_prob,mid_true_goal_prob,q3_true_goal_prob,end_true_goal_prob,q1_is_top_ranked,mid_is_top_ranked,q3_is_top_ranked,end_is_top_ranked,total_states_visited,initial_states_visited,marginal_states_visited,average_states_visited,total_dur,initial_dur,marginal_dur,average_dur
0.3333333333333333,6.153281374910114e-33,0.0,0.0,true,false,false,false,14833,10122,147.21875,449.4848484848485,10.498577117919922,3.95510196685791,0.20448359847068787,0.31813870054302795
0.34482758620689663,0.3448275862068963,0.9999999999999988,0.9999999999999988,true,true,true,true,14708,12534,74.96551724137932,490.26666666666665,9.974257946014404,4.900818824768066,0.1749461765947013,0.3324752648671468
0.3333333333333333,1.0879563376707064e-31,1.113699629748655e-77,2.562642066762532e-34,true,false,false,false,17098,11619,171.21875,518.1212121212121,11.337660074234009,4.6050660610198975,0.21039356291294098,0.34356545679496997
0.34482758620689663,0.3448275862068963,0.7692307692307697,0.7692307692307697,true,true,true,true,14597,11617,106.42857142857143,503.3448275862069,10.678831815719604,5.010501861572266,0.2024403555052621,0.36823557985240013
0.3333333333333332,0.9999999999999998,0.9999999999999996,0.9999999999999997,true,true,true,true,16141,12706,88.07692307692308,403.525,12.370656967163086,5.273607969284058,0.1819756153302315,0.3092664241790771
0.3333333333333332,0.9999994373245704,0.9999999999999996,1.0,true,true,true,true,15441,9996,139.6153846153846,386.025,12.266160011291504,4.392997980117798,0.20187594951727453,0.3066540002822876
