step_times,step_durs,states_visited,true_goal_probs,goal_probs_0,goal_probs_1,goal_probs_2
3.948086977005005,3.948086977005005,6899,0.3333333333333333,0.3333333333333333,0.3333333333333333,0.3333333333333333
4.21488094329834,0.26679396629333496,0,0.7692307692307566,9.741665806996079e-15,0.7692307692307566,0.2307692307692338
4.464798927307129,0.24991798400878906,0,0.7692307692307692,2.505760409389708e-70,0.7692307692307692,0.23076923076923078
4.741909980773926,0.2771110534667969,56,0.7692307692307688,4.511061714224351e-131,0.7692307692307688,0.23076923076923067
