step_times,step_durs,states_visited,true_goal_probs,goal_probs_0,goal_probs_1,goal_probs_2
2.7638001441955566,2.7638001441955566,4909,0.3333333333333333,0.3333333333333333,0.3333333333333333,0.3333333333333333
3.0317811965942383,0.26798105239868164,14,0.9000033545137262,1.266374072792047e-14,0.9000033545137262,0.09999664548626139
3.2946791648864746,0.26289796829223633,0,0.9000000011253517,3.2574884955484176e-70,0.9000000011253517,0.09999999887464826
3.5515801906585693,0.2569010257720947,0,0.9000000000031172,5.864380228308827e-131,0.9000000000031172,0.09999999999688265
