timestep,true_goal_probs,goal_probs_0,goal_probs_1,goal_probs_2
1,0.3333333333333333,0.3333333333333333,0.3333333333333333,0.3333333333333333
7,0.3333333333333333,0.3333333333333333,0.3333333333333333,0.3333333333333333
13,0.5714285714285714,0,0.5714285714285714,0.42857142857142855
19,1,0,1,0
25,1,0,1,0
30,1,0,1,0
