timestep,true_goal_probs,goal_probs_0,goal_probs_1,goal_probs_2
1,0.3333333333333333,0.3333333333333333,0.3333333333333333,0.3333333333333333
7,1,0,0,1
10,1,0,0,1
