timestep,true_goal_probs,goal_probs_0,goal_probs_1,goal_probs_2
1,0.3333333333333333,0.3333333333333333,0.3333333333333333,0.3333333333333333
7,0.3333333333333333,0.3333333333333333,0.3333333333333333,0.3333333333333333
13,0.5,0,0.5,0.5
19,0.6666666666666666,0,0.6666666666666666,0.3333333333333333
25,0.8,0,0.8,0.2
30,1,0,1,0
