step_times,step_durs,states_visited,true_goal_probs,goal_probs_0,goal_probs_1,goal_probs_2,goal_probs_3,goal_probs_4
4.3270769119262695,4.3270769119262695,168,0.2,0.2,0.2,0.2,0.2,0.2
9.778816938400269,5.451740026473999,211,0.30574769903478943,0.30574769903478943,0.30574769903478943,0.041378451447815844,0.041378451447815844,0.30574769903478943
15.645437955856323,5.866621017456055,214,0.32931229000970674,0.32931229000970674,0.32931229000970674,0.0060315649854398926,0.0060315649854398926,0.32931229000970674
25.278301000595093,9.63286304473877,359,0.3327834082682644,0.3327834082682644,0.3327834082682644,0.0008248875976034099,0.0008248875976034099,0.3327834082682644
36.282495975494385,11.004194974899292,394,0.4681634332447914,0.06335903083920887,0.4681634332447914,0.00015705133560415993,0.00015705133560415993,0.4681634332447914
48.070743799209595,11.78824782371521,483,0.8667451136980832,0.01587499051106894,0.11730119545628016,3.9350167283869924e-5,3.9350167283869924e-5,0.8667451136980832
59.33328700065613,11.262543201446533,477,0.979617414434925,0.0024282287983308404,0.017942318811905538,6.018977419306507e-6,6.018977419306507e-6,0.979617414434925
