step_times,step_durs,states_visited,true_goal_probs,goal_probs_0,goal_probs_1,goal_probs_2,goal_probs_3,goal_probs_4
4.543421030044556,4.543421030044556,168,0.2,0.2,0.2,0.2,0.2,0.2
18.2245090007782,13.681087970733643,484,0.41562658715921197,0.056248941893858644,0.056248941893858644,0.41562658715921197,0.41562658715921197,0.056248941893858644
22.134220123291016,3.9097111225128174,133,0.41562658715921197,0.056248941893858644,0.056248941893858644,0.41562658715921197,0.41562658715921197,0.056248941893858644
28.412914037704468,6.278693914413452,227,0.9317384593585714,0.01706538516035712,0.01706538516035712,0.9317384593585714,0.01706538516035712,0.01706538516035712
33.25822901725769,4.845314979553223,194,0.9476136621071184,0.017356149641184947,0.017356149641184947,0.9476136621071184,0.017356149641184947,0.00031788896932677683
39.408957958221436,6.150728940963745,276,0.9772128206535258,0.0024222684062611987,0.017898277140531334,0.9772128206535258,0.0024222684062611987,4.4365393420669773e-5
46.65013098716736,7.241173028945923,318,0.995015917017914,0.0024663978701258272,0.0024663978701258272,0.995015917017914,4.517365274516775e-5,6.113589089099664e-6
52.34014701843262,5.690016031265259,302,0.9992833572308869,0.00033522222103591785,0.00033522222103591785,0.9992833572308869,4.536739423110232e-5,8.309328100597124e-7
58.36751413345337,6.027367115020752,304,0.9996183390991004,0.0003353345949337284,4.538260238439092e-5,0.9996183390991004,8.312113571035108e-7,1.1249222444309287e-7
