step_times,step_durs,states_visited,true_goal_probs,goal_probs_0,goal_probs_1,goal_probs_2,goal_probs_3,goal_probs_4
14.681449890136719,14.681449890136719,477,0.2,0.2,0.2,0.2,0.2,0.2
31.873554944992065,17.192105054855347,625,0.6487856442839393,0.08780358892901519,0.08780358892901519,0.08780358892901519,0.08780358892901519,0.6487856442839393
44.88100790977478,13.007452964782715,470,0.8401369020570487,0.01538764411517674,0.01538764411517674,0.11370016559742104,0.01538764411517674,0.8401369020570487
64.46734094619751,19.58633303642273,706,0.9748946158093904,0.00241652215095784,0.00241652215095784,0.01785581773773604,0.00241652215095784,0.9748946158093904
86.26930284500122,21.80196189880371,810,0.9965269639566718,0.00033429755410461685,0.00033429755410461685,0.002470143381014318,0.00033429755410461685,0.9965269639566718
100.87166786193848,14.602365016937256,539,0.9816028953448913,4.456470250330983e-5,4.456470250330983e-5,0.00032929108682911156,0.01797868416327296,0.9816028953448913
117.30399584770203,16.43232798576355,593,0.9974699767224504,6.128667353052082e-6,6.128667353052082e-6,4.5285066883386644e-5,0.002472480875960116,0.9974699767224504
