step_times,step_durs,states_visited,true_goal_probs,goal_probs_0,goal_probs_1,goal_probs_2,goal_probs_3,goal_probs_4
4.064920902252197,4.064920902252197,168,0.2,0.2,0.2,0.2,0.2,0.2
16.741255044937134,12.676334142684937,484,0.41562658715921197,0.056248941893858644,0.056248941893858644,0.41562658715921197,0.41562658715921197,0.056248941893858644
20.76495599746704,4.023700952529907,133,0.41562658715921197,0.056248941893858644,0.056248941893858644,0.41562658715921197,0.41562658715921197,0.056248941893858644
26.906044960021973,6.141088962554932,227,0.9317384593585714,0.01706538516035712,0.01706538516035712,0.9317384593585714,0.01706538516035712,0.01706538516035712
31.702744007110596,4.796699047088623,194,0.9476136621071184,0.017356149641184947,0.017356149641184947,0.9476136621071184,0.017356149641184947,0.00031788896932677683
37.68408203125,5.981338024139404,276,0.9772128206535258,0.0024222684062611987,0.017898277140531334,0.9772128206535258,0.0024222684062611987,4.4365393420669773e-5
45.30398106575012,7.619899034500122,318,0.995015917017914,0.0024663978701258272,0.0024663978701258272,0.995015917017914,4.517365274516775e-5,6.113589089099664e-6
51.25716996192932,5.953188896179199,302,0.9992833572308869,0.00033522222103591785,0.00033522222103591785,0.9992833572308869,4.536739423110232e-5,8.309328100597124e-7
57.36624598503113,6.109076023101807,304,0.9996183390991004,0.0003353345949337284,4.538260238439092e-5,0.9996183390991004,8.312113571035108e-7,1.1249222444309287e-7
