step_times,step_durs,states_visited,true_goal_probs,goal_probs_0,goal_probs_1,goal_probs_2,goal_probs_3,goal_probs_4
11.8475980758667,11.8475980758667,446,0.2,0.2,0.2,0.2,0.2,0.2
26.578341960906982,14.730743885040283,584,0.1035225979614393,0.014010260116501371,0.1035225979614393,0.1035225979614393,0.7649342838441188,0.014010260116501371
32.70896506309509,6.13062310218811,245,0.3170927996450754,0.005807757212516938,0.3170927996450754,0.3170927996450754,0.3170927996450754,0.042913843852256765
41.51236915588379,8.803404092788696,409,0.7743144668097518,0.001919333670028923,0.7743144668097518,0.1047920676799045,0.1047920676799045,0.01418206416041016
48.13446402549744,6.6220948696136475,287,0.8530224974732246,0.00028615716866233165,0.8530224974732246,0.015623652027685744,0.11544404130274158,0.015623652027685744
66.72723698616028,18.592772960662842,789,0.8532336130722429,3.8736746104471e-5,0.8532336130722429,0.01562751874476114,0.1154726126921304,0.01562751874476114
85.83577799797058,19.108541011810303,787,0.9623563032325384,5.912921486624632e-6,0.9623563032325384,0.002385442781366245,0.017626170532304343,0.017626170532304343
