step_times,step_durs,states_visited,true_goal_probs,goal_probs_0,goal_probs_1,goal_probs_2,goal_probs_3,goal_probs_4
14.346265077590942,14.346265077590942,477,0.2,0.2,0.2,0.2,0.2,0.2
35.3253059387207,20.97904086112976,787,0.6487856442839393,0.08780358892901519,0.08780358892901519,0.08780358892901519,0.6487856442839393,0.08780358892901519
42.9680700302124,7.642764091491699,304,0.6487856442839393,0.08780358892901519,0.08780358892901519,0.08780358892901519,0.6487856442839393,0.08780358892901519
48.80395698547363,5.8358869552612305,240,0.8401369020570487,0.01538764411517674,0.11370016559742104,0.01538764411517674,0.8401369020570487,0.01538764411517674
52.70814800262451,3.904191017150879,166,0.9600717837554645,0.017584328098527977,0.017584328098527977,0.002379780023739811,0.9600717837554645,0.002379780023739811
61.83050513267517,9.12235713005066,369,0.976935905252668,0.0024215820016085703,0.0024215820016085703,0.00032772548606837935,0.976935905252668,0.017893205258046496
70.76149797439575,8.930992841720581,352,0.9946899799244703,0.0024655899528459972,0.0003336813146137596,4.515885522401841e-5,0.9946899799244703,0.0024655899528459972
75.28136491775513,4.519866943359375,211,0.9995677801949587,4.538030701369402e-5,4.538030701369402e-5,6.141556703062722e-6,0.9995677801949587,0.0003353176343108812
79.02859711647034,3.74723219871521,171,0.9999022339585361,4.539549119106923e-5,6.1436116580085115e-6,8.314474238323375e-7,0.9999022339585361,4.539549119106923e-5
