step_times,step_durs,states_visited,true_goal_probs,goal_probs_0,goal_probs_1,goal_probs_2,goal_probs_3,goal_probs_4
14.574552059173584,14.574552059173584,477,0.2,0.2,0.2,0.2,0.2,0.2
35.38941502571106,20.814862966537476,787,0.6487856442839393,0.08780358892901519,0.08780358892901519,0.08780358892901519,0.6487856442839393,0.08780358892901519
43.1278920173645,7.738476991653442,304,0.6487856442839393,0.08780358892901519,0.08780358892901519,0.08780358892901519,0.6487856442839393,0.08780358892901519
48.979068994522095,5.851176977157593,240,0.8401369020570487,0.01538764411517674,0.11370016559742104,0.01538764411517674,0.8401369020570487,0.01538764411517674
52.848686933517456,3.8696179389953613,166,0.9600717837554645,0.017584328098527977,0.017584328098527977,0.002379780023739811,0.9600717837554645,0.002379780023739811
61.78842806816101,8.939741134643555,369,0.976935905252668,0.0024215820016085703,0.0024215820016085703,0.00032772548606837935,0.976935905252668,0.017893205258046496
70.43773007392883,8.649302005767822,352,0.9946899799244703,0.0024655899528459972,0.0003336813146137596,4.515885522401841e-5,0.9946899799244703,0.0024655899528459972
74.92452096939087,4.486790895462036,211,0.9995677801949587,4.538030701369402e-5,4.538030701369402e-5,6.141556703062722e-6,0.9995677801949587,0.0003353176343108812
78.64298701286316,3.71846604347229,171,0.9999022339585361,4.539549119106923e-5,6.1436116580085115e-6,8.314474238323375e-7,0.9999022339585361,4.539549119106923e-5
