step_times,step_durs,states_visited,true_goal_probs,goal_probs_0,goal_probs_1,goal_probs_2,goal_probs_3,goal_probs_4
15.259408950805664,15.259408950805664,477,0.2,0.2,0.2,0.2,0.2,0.2
33.182482957839966,17.9230740070343,625,0.6487856442839393,0.08780358892901519,0.08780358892901519,0.08780358892901519,0.08780358892901519,0.6487856442839393
46.54892110824585,13.366438150405884,470,0.8401369020570487,0.01538764411517674,0.01538764411517674,0.11370016559742104,0.01538764411517674,0.8401369020570487
66.61807012557983,20.069149017333984,706,0.9748946158093904,0.00241652215095784,0.00241652215095784,0.01785581773773604,0.00241652215095784,0.9748946158093904
87.99508500099182,21.377014875411987,810,0.9965269639566718,0.00033429755410461685,0.00033429755410461685,0.002470143381014318,0.00033429755410461685,0.9965269639566718
102.23024606704712,14.235161066055298,539,0.9816028953448913,4.456470250330983e-5,4.456470250330983e-5,0.00032929108682911156,0.01797868416327296,0.9816028953448913
118.57036805152893,16.34012198448181,593,0.9974699767224504,6.128667353052082e-6,6.128667353052082e-6,4.5285066883386644e-5,0.002472480875960116,0.9974699767224504
