step_times,step_durs,states_visited,true_goal_probs,goal_probs_0,goal_probs_1,goal_probs_2,goal_probs_3,goal_probs_4
4.171383857727051,4.171383857727051,168,0.2,0.2,0.2,0.2,0.2,0.2
9.660914897918701,5.48953104019165,211,0.30574769903478943,0.30574769903478943,0.30574769903478943,0.041378451447815844,0.041378451447815844,0.30574769903478943
15.325547933578491,5.66463303565979,214,0.32931229000970674,0.32931229000970674,0.32931229000970674,0.0060315649854398926,0.0060315649854398926,0.32931229000970674
24.578925848007202,9.253377914428711,359,0.3327834082682644,0.3327834082682644,0.3327834082682644,0.0008248875976034099,0.0008248875976034099,0.3327834082682644
35.43120789527893,10.852282047271729,394,0.4681634332447914,0.06335903083920887,0.4681634332447914,0.00015705133560415993,0.00015705133560415993,0.4681634332447914
47.80164098739624,12.37043309211731,483,0.8667451136980832,0.01587499051106894,0.11730119545628016,3.9350167283869924e-5,3.9350167283869924e-5,0.8667451136980832
58.86250686645508,11.060865879058838,477,0.979617414434925,0.0024282287983308404,0.017942318811905538,6.018977419306507e-6,6.018977419306507e-6,0.979617414434925
