step_times,step_durs,states_visited,true_goal_probs,goal_probs_0,goal_probs_1,goal_probs_2,goal_probs_3,goal_probs_4
11.079614162445068,11.079614162445068,446,0.2,0.2,0.2,0.2,0.2,0.2
21.516874074935913,10.437259912490845,406,0.30574769903478943,0.041378451447815844,0.041378451447815844,0.30574769903478943,0.30574769903478943,0.30574769903478943
26.706727981567383,5.18985390663147,168,0.1035225979614393,0.014010260116501371,0.014010260116501371,0.1035225979614393,0.7649342838441188,0.1035225979614393
33.873279094696045,7.166551113128662,217,0.11523336311754877,0.002110572666795403,0.015595139835820903,0.11523336311754877,0.851465784544014,0.015595139835820903
41.23592209815979,7.362643003463745,223,0.4904100246235819,0.001215604915994706,0.008982172918420763,0.4904100246235819,0.4904100246235819,0.008982172918420763
49.218388080596924,7.982465982437134,243,0.8767098305771497,0.0002941033836733766,0.0021731464008479043,0.8767098305771497,0.11864977323748128,0.0021731464008479043
57.36473512649536,8.146347045898438,243,0.9810442369879688,0.00032910367782859867,0.00032910367782859867,0.9810442369879688,0.017968451978545394,0.00032910367782859867
65.66899108886719,8.304255962371826,253,0.9973918681734935,4.528152076075015e-5,4.528152076075015e-5,0.9973918681734935,0.0024722872642243725,4.528152076075015e-5
77.1600091457367,11.491018056869507,383,0.9996515388861464,8.312389636799078e-7,6.142071334247817e-6,0.9996515388861464,0.00033534573222153674,6.142071334247817e-6
